Year,avgLifeExpectancy
2000,66.75027322
2001,67.12896175
2002,67.35136612
2003,67.43333333
2004,67.64644809
2005,68.20928962
2006,68.66775956
2007,69.03606557
2008,69.42786885
2009,69.93825137
2010,70.04863388
2011,70.65409836
2012,70.91693989
2013,71.23606557
2014,71.53661202
2015,71.61693989
